Ad,Soyad,Telefon Numarası,E-mail,Resim,Cinsiyet,Doğum Tarihi,Yaş,Şifreler,Adres,TC Kimlik No,Anne Adı,Baba Adı,Anne TC,Baba TC,İl,İlçe,Uyruk,,Digital Copy (%)
Anıl Halim,Doa,+90 552 853 99 79,,,Erkek,25 Ağustos 2011,11,,,37981063816,Birsen,İsmail,13904941034,36505072952,BURSA,YILDIRIM,TR,,73.33%
Eymen Efe,Albayrak,+90 552 853 99 80,,,Erkek,18 Ocak 2011,11,,,14092858692,Sema,Özkan,19978926304,38515295918,BURSA,YILDIRIM,TR,,73.33%
Metehan,Dursun,,metehanaynilhayatdursun@gmail.com,,Erkek,5 Eylül 2011,11,,,36040128756,Sibel,Şinasi,18082918366,20983373038,BURSA,YILDIRIM,TR,,73.33%
Esma Nur,Yavuz,,,,Kız,7 Mayıs 2011,11,,,17452748794,Leyla,Sinan,14359994880,23053558854,BURSA,YILDIRIM,TR,,66.67%
Sena İrem,Çiftçi,,,,Kız,5 Ağustos 2011,11,,,39244021274,Kübra,İshak,37006092210,43660136818,BURSA,YILDIRIM,TR,,66.67%
Özgür,Mustafa,,,,Erkek,13 Şubat 2011,11,,,59119610990,Zülfira,Rüstem,59122610826,59125610762,BURSA,YILDIRIM,KG,,66.67%
Eylül Şevval,Taşçı,,,,Kız,30 Ağustos 2011,11,,,16990763528,Esma,Mehmet,12806044218,19460596268,BURSA,YILDIRIM,TR,,66.67%
Batuhan,Küçükalkan,,,,Erkek,14 Aralık 2010,10,,,37885066654,Gülay,Bayram,11731202298,13522823590,BURSA,YILDIRIM,TR,,66.67%
Halis,Coşkun,,,,Erkek,3 Eylül 2011,11,,,29119359380,Cevher,Osman,47134980488,32611240896,BURSA,YILDIRIM,TR,,66.67%
Yusuf,Sait,,,,Erkek,2 Ekim 2011,11,,,16717773458,Leyla,Aydın,10121015180,10243987082,BURSA,YILDIRIM,TR,,66.67%
Yakup,Karakelle,,,,Erkek,9 Eylül 2011,11,,,19477680912,Elif,Hakkı,29570131716,21671395004,BURSA,YILDIRIM,TR,,66.67%
Türkan,Habeşoğlu,,,,Kız,5 Ağustos 2011,11,,,32476247252,Sadie,Vezir,10618974792,10516978120,BURSA,YILDIRIM,TR,,66.67%
